user,consented,consented_on,scope
AAF0535,True,2026-08-21,linguistic_drift_analysis_v1
AAF0791,True,2026-08-21,linguistic_drift_analysis_v1
ABC0174,True,2026-08-21,linguistic_drift_analysis_v1
ABN0239,True,2026-08-21,linguistic_drift_analysis_v1
ACC0042,True,2026-08-21,linguistic_drift_analysis_v1
ADC0391,True,2026-08-21,linguistic_drift_analysis_v1
ADF0397,True,2026-08-21,linguistic_drift_analysis_v1
AHC0142,True,2026-08-21,linguistic_drift_analysis_v1
AIM0627,True,2026-08-21,linguistic_drift_analysis_v1
AJF0370,True,2026-08-21,linguistic_drift_analysis_v1
AJH0175,True,2026-08-21,linguistic_drift_analysis_v1
ALD0529,True,2026-08-21,linguistic_drift_analysis_v1
ALD0544,True,2026-08-21,linguistic_drift_analysis_v1
AMD0077,True,2026-08-21,linguistic_drift_analysis_v1
AMM0014,True,2026-08-21,linguistic_drift_analysis_v1
AMV0036,True,2026-08-21,linguistic_drift_analysis_v1
ANP0555,True,2026-08-21,linguistic_drift_analysis_v1
AOB0019,True,2026-08-21,linguistic_drift_analysis_v1
ARA0252,True,2026-08-21,linguistic_drift_analysis_v1
ARL0034,True,2026-08-21,linguistic_drift_analysis_v1
ATF0274,True,2026-08-21,linguistic_drift_analysis_v1
ATP0662,True,2026-08-21,linguistic_drift_analysis_v1
BAH0875,True,2026-08-21,linguistic_drift_analysis_v1
BAL0044,True,2026-08-21,linguistic_drift_analysis_v1
BBS0422,True,2026-08-21,linguistic_drift_analysis_v1
BHW0458,True,2026-08-21,linguistic_drift_analysis_v1
BIH0745,True,2026-08-21,linguistic_drift_analysis_v1
BJH0354,True,2026-08-21,linguistic_drift_analysis_v1
BJW0619,True,2026-08-21,linguistic_drift_analysis_v1
BKW0374,True,2026-08-21,linguistic_drift_analysis_v1
BLL0929,True,2026-08-21,linguistic_drift_analysis_v1
BLS0678,True,2026-08-21,linguistic_drift_analysis_v1
BMS0877,True,2026-08-21,linguistic_drift_analysis_v1
BMT0528,True,2026-08-21,linguistic_drift_analysis_v1
BRM0995,True,2026-08-21,linguistic_drift_analysis_v1
BRS0734,True,2026-08-21,linguistic_drift_analysis_v1
BSA0431,True,2026-08-21,linguistic_drift_analysis_v1
BSS0369,True,2026-08-21,linguistic_drift_analysis_v1
BTL0722,True,2026-08-21,linguistic_drift_analysis_v1
BTN0061,True,2026-08-21,linguistic_drift_analysis_v1
BTS0011,True,2026-08-21,linguistic_drift_analysis_v1
BTW0005,True,2026-08-21,linguistic_drift_analysis_v1
BWP0202,True,2026-08-21,linguistic_drift_analysis_v1
BXJ0010,True,2026-08-21,linguistic_drift_analysis_v1
BYP0070,True,2026-08-21,linguistic_drift_analysis_v1
CAC0889,True,2026-08-21,linguistic_drift_analysis_v1
CAM0681,True,2026-08-21,linguistic_drift_analysis_v1
CBB0365,True,2026-08-21,linguistic_drift_analysis_v1
CBG0398,True,2026-08-21,linguistic_drift_analysis_v1
CBG0490,True,2026-08-21,linguistic_drift_analysis_v1
CCM0855,True,2026-08-21,linguistic_drift_analysis_v1
CEB0210,True,2026-08-21,linguistic_drift_analysis_v1
CEJ0109,True,2026-08-21,linguistic_drift_analysis_v1
CEL0561,True,2026-08-21,linguistic_drift_analysis_v1
CFW0264,True,2026-08-21,linguistic_drift_analysis_v1
CJC0494,True,2026-08-21,linguistic_drift_analysis_v1
CJF0802,True,2026-08-21,linguistic_drift_analysis_v1
CJM0521,True,2026-08-21,linguistic_drift_analysis_v1
CKB0427,True,2026-08-21,linguistic_drift_analysis_v1
CKB0482,True,2026-08-21,linguistic_drift_analysis_v1
CKH0144,True,2026-08-21,linguistic_drift_analysis_v1
CKP0721,True,2026-08-21,linguistic_drift_analysis_v1
CLF0852,True,2026-08-21,linguistic_drift_analysis_v1
CMB0912,True,2026-08-21,linguistic_drift_analysis_v1
CNE0352,True,2026-08-21,linguistic_drift_analysis_v1
CPG0322,True,2026-08-21,linguistic_drift_analysis_v1
CQH0730,True,2026-08-21,linguistic_drift_analysis_v1
CRK0916,True,2026-08-21,linguistic_drift_analysis_v1
CRO0027,True,2026-08-21,linguistic_drift_analysis_v1
CTW0500,True,2026-08-21,linguistic_drift_analysis_v1
CWR0502,True,2026-08-21,linguistic_drift_analysis_v1
DBG0261,True,2026-08-21,linguistic_drift_analysis_v1
DCC0160,True,2026-08-21,linguistic_drift_analysis_v1
DGF0443,True,2026-08-21,linguistic_drift_analysis_v1
DGN0480,True,2026-08-21,linguistic_drift_analysis_v1
DGW0752,True,2026-08-21,linguistic_drift_analysis_v1
DIB0285,True,2026-08-21,linguistic_drift_analysis_v1
DIC0988,True,2026-08-21,linguistic_drift_analysis_v1
DIW0118,True,2026-08-21,linguistic_drift_analysis_v1
DJB0159,True,2026-08-21,linguistic_drift_analysis_v1
DJS0682,True,2026-08-21,linguistic_drift_analysis_v1
DLF0377,True,2026-08-21,linguistic_drift_analysis_v1
DLH0029,True,2026-08-21,linguistic_drift_analysis_v1
DLM0051,True,2026-08-21,linguistic_drift_analysis_v1
DMM0623,True,2026-08-21,linguistic_drift_analysis_v1
DRR0162,True,2026-08-21,linguistic_drift_analysis_v1
DSB0731,True,2026-08-21,linguistic_drift_analysis_v1
DTP0379,True,2026-08-21,linguistic_drift_analysis_v1
DVW0103,True,2026-08-21,linguistic_drift_analysis_v1
EBC0390,True,2026-08-21,linguistic_drift_analysis_v1
EFS0882,True,2026-08-21,linguistic_drift_analysis_v1
EIP0997,True,2026-08-21,linguistic_drift_analysis_v1
EJW0884,True,2026-08-21,linguistic_drift_analysis_v1
EMW0105,True,2026-08-21,linguistic_drift_analysis_v1
ESJ0670,True,2026-08-21,linguistic_drift_analysis_v1
ESR0693,True,2026-08-21,linguistic_drift_analysis_v1
ETR0177,True,2026-08-21,linguistic_drift_analysis_v1
ETR0428,True,2026-08-21,linguistic_drift_analysis_v1
EWH0191,True,2026-08-21,linguistic_drift_analysis_v1
FAW0032,True,2026-08-21,linguistic_drift_analysis_v1
FBA0348,True,2026-08-21,linguistic_drift_analysis_v1
FBW0747,True,2026-08-21,linguistic_drift_analysis_v1
FGW0853,True,2026-08-21,linguistic_drift_analysis_v1
FHO0630,True,2026-08-21,linguistic_drift_analysis_v1
FIR0920,True,2026-08-21,linguistic_drift_analysis_v1
FKB0163,True,2026-08-21,linguistic_drift_analysis_v1
FMG0527,True,2026-08-21,linguistic_drift_analysis_v1
FQA0854,True,2026-08-21,linguistic_drift_analysis_v1
FRB0023,True,2026-08-21,linguistic_drift_analysis_v1
FUM0015,True,2026-08-21,linguistic_drift_analysis_v1
GAF0060,True,2026-08-21,linguistic_drift_analysis_v1
GBM0603,True,2026-08-21,linguistic_drift_analysis_v1
GCC0744,True,2026-08-21,linguistic_drift_analysis_v1
GCL0016,True,2026-08-21,linguistic_drift_analysis_v1
GCR0554,True,2026-08-21,linguistic_drift_analysis_v1
GKO0078,True,2026-08-21,linguistic_drift_analysis_v1
GLR0975,True,2026-08-21,linguistic_drift_analysis_v1
GQP0743,True,2026-08-21,linguistic_drift_analysis_v1
GRC0145,True,2026-08-21,linguistic_drift_analysis_v1
GTD0219,True,2026-08-21,linguistic_drift_analysis_v1
GZC0735,True,2026-08-21,linguistic_drift_analysis_v1
HAV0121,True,2026-08-21,linguistic_drift_analysis_v1
HBB0056,True,2026-08-21,linguistic_drift_analysis_v1
HBO0413,True,2026-08-21,linguistic_drift_analysis_v1
HCL0113,True,2026-08-21,linguistic_drift_analysis_v1
HCM0267,True,2026-08-21,linguistic_drift_analysis_v1
HCS0003,True,2026-08-21,linguistic_drift_analysis_v1
HCV0478,True,2026-08-21,linguistic_drift_analysis_v1
HDD0789,True,2026-08-21,linguistic_drift_analysis_v1
HDH0928,True,2026-08-21,linguistic_drift_analysis_v1
HDS0367,True,2026-08-21,linguistic_drift_analysis_v1
HIW0536,True,2026-08-21,linguistic_drift_analysis_v1
HJA0018,True,2026-08-21,linguistic_drift_analysis_v1
HKR0628,True,2026-08-21,linguistic_drift_analysis_v1
HRB0351,True,2026-08-21,linguistic_drift_analysis_v1
HRD0635,True,2026-08-21,linguistic_drift_analysis_v1
HRW0550,True,2026-08-21,linguistic_drift_analysis_v1
HSB0196,True,2026-08-21,linguistic_drift_analysis_v1
HSG0818,True,2026-08-21,linguistic_drift_analysis_v1
HTH0007,True,2026-08-21,linguistic_drift_analysis_v1
HWW0436,True,2026-08-21,linguistic_drift_analysis_v1
HWY0038,True,2026-08-21,linguistic_drift_analysis_v1
IBB0359,True,2026-08-21,linguistic_drift_analysis_v1
IBM0671,True,2026-08-21,linguistic_drift_analysis_v1
IEB0153,True,2026-08-21,linguistic_drift_analysis_v1
IJW0851,True,2026-08-21,linguistic_drift_analysis_v1
IKR0401,True,2026-08-21,linguistic_drift_analysis_v1
IMG0320,True,2026-08-21,linguistic_drift_analysis_v1
IRT0491,True,2026-08-21,linguistic_drift_analysis_v1
IWM0816,True,2026-08-21,linguistic_drift_analysis_v1
JAM0382,True,2026-08-21,linguistic_drift_analysis_v1
JAV0361,True,2026-08-21,linguistic_drift_analysis_v1
JBD0616,True,2026-08-21,linguistic_drift_analysis_v1
JCR0921,True,2026-08-21,linguistic_drift_analysis_v1
JCW0858,True,2026-08-21,linguistic_drift_analysis_v1
JDB0169,True,2026-08-21,linguistic_drift_analysis_v1
JDC0030,True,2026-08-21,linguistic_drift_analysis_v1
JJM0203,True,2026-08-21,linguistic_drift_analysis_v1
JKJ0698,True,2026-08-21,linguistic_drift_analysis_v1
JMB0308,True,2026-08-21,linguistic_drift_analysis_v1
JMK0099,True,2026-08-21,linguistic_drift_analysis_v1
JML0909,True,2026-08-21,linguistic_drift_analysis_v1
JPW0741,True,2026-08-21,linguistic_drift_analysis_v1
JTS0389,True,2026-08-21,linguistic_drift_analysis_v1
KAC0124,True,2026-08-21,linguistic_drift_analysis_v1
KAT0489,True,2026-08-21,linguistic_drift_analysis_v1
KBB0189,True,2026-08-21,linguistic_drift_analysis_v1
KBP0008,True,2026-08-21,linguistic_drift_analysis_v1
KBS0874,True,2026-08-21,linguistic_drift_analysis_v1
KCO0122,True,2026-08-21,linguistic_drift_analysis_v1
KKW0879,True,2026-08-21,linguistic_drift_analysis_v1
KMW0545,True,2026-08-21,linguistic_drift_analysis_v1
KPR0497,True,2026-08-21,linguistic_drift_analysis_v1
KRL0062,True,2026-08-21,linguistic_drift_analysis_v1
KSH0569,True,2026-08-21,linguistic_drift_analysis_v1
KWC0004,True,2026-08-21,linguistic_drift_analysis_v1
LBF0214,True,2026-08-21,linguistic_drift_analysis_v1
LCC0819,True,2026-08-21,linguistic_drift_analysis_v1
LHB0606,True,2026-08-21,linguistic_drift_analysis_v1
LHN0151,True,2026-08-21,linguistic_drift_analysis_v1
LJJ0905,True,2026-08-21,linguistic_drift_analysis_v1
LMF0980,True,2026-08-21,linguistic_drift_analysis_v1
LNR0656,True,2026-08-21,linguistic_drift_analysis_v1
LOF0311,True,2026-08-21,linguistic_drift_analysis_v1
LPC0492,True,2026-08-21,linguistic_drift_analysis_v1
LQP0508,True,2026-08-21,linguistic_drift_analysis_v1
LTS0860,True,2026-08-21,linguistic_drift_analysis_v1
LUR0896,True,2026-08-21,linguistic_drift_analysis_v1
MAD0753,True,2026-08-21,linguistic_drift_analysis_v1
MAH0149,True,2026-08-21,linguistic_drift_analysis_v1
MAH0864,True,2026-08-21,linguistic_drift_analysis_v1
MAS0025,True,2026-08-21,linguistic_drift_analysis_v1
MBJ0312,True,2026-08-21,linguistic_drift_analysis_v1
MCD0125,True,2026-08-21,linguistic_drift_analysis_v1
MCJ0324,True,2026-08-21,linguistic_drift_analysis_v1
MDH0686,True,2026-08-21,linguistic_drift_analysis_v1
MDM0625,True,2026-08-21,linguistic_drift_analysis_v1
MES0407,True,2026-08-21,linguistic_drift_analysis_v1
MGS0974,True,2026-08-21,linguistic_drift_analysis_v1
MHA0798,True,2026-08-21,linguistic_drift_analysis_v1
MHG0733,True,2026-08-21,linguistic_drift_analysis_v1
MJS0890,True,2026-08-21,linguistic_drift_analysis_v1
MKG0711,True,2026-08-21,linguistic_drift_analysis_v1
MLD0755,True,2026-08-21,linguistic_drift_analysis_v1
MLP0668,True,2026-08-21,linguistic_drift_analysis_v1
MMG0943,True,2026-08-21,linguistic_drift_analysis_v1
MPM0220,True,2026-08-21,linguistic_drift_analysis_v1
MSD0939,True,2026-08-21,linguistic_drift_analysis_v1
MSS0001,True,2026-08-21,linguistic_drift_analysis_v1
MTT0901,True,2026-08-21,linguistic_drift_analysis_v1
MVF0594,True,2026-08-21,linguistic_drift_analysis_v1
MVH0373,True,2026-08-21,linguistic_drift_analysis_v1
NAB0801,True,2026-08-21,linguistic_drift_analysis_v1
NAB0903,True,2026-08-21,linguistic_drift_analysis_v1
NAH0503,True,2026-08-21,linguistic_drift_analysis_v1
NAR0981,True,2026-08-21,linguistic_drift_analysis_v1
NBC0412,True,2026-08-21,linguistic_drift_analysis_v1
NBH0256,True,2026-08-21,linguistic_drift_analysis_v1
NCH0179,True,2026-08-21,linguistic_drift_analysis_v1
NCO0666,True,2026-08-21,linguistic_drift_analysis_v1
NGC0058,True,2026-08-21,linguistic_drift_analysis_v1
NGF0157,True,2026-08-21,linguistic_drift_analysis_v1
NHE0919,True,2026-08-21,linguistic_drift_analysis_v1
NKH0979,True,2026-08-21,linguistic_drift_analysis_v1
NMC0486,True,2026-08-21,linguistic_drift_analysis_v1
NSS0876,True,2026-08-21,linguistic_drift_analysis_v1
OLW0689,True,2026-08-21,linguistic_drift_analysis_v1
ONL0276,True,2026-08-21,linguistic_drift_analysis_v1
ORM0669,True,2026-08-21,linguistic_drift_analysis_v1
PDW0259,True,2026-08-21,linguistic_drift_analysis_v1
PGH0184,True,2026-08-21,linguistic_drift_analysis_v1
PGO0433,True,2026-08-21,linguistic_drift_analysis_v1
PLH0862,True,2026-08-21,linguistic_drift_analysis_v1
PNL0301,True,2026-08-21,linguistic_drift_analysis_v1
QNF0205,True,2026-08-21,linguistic_drift_analysis_v1
QPM0727,True,2026-08-21,linguistic_drift_analysis_v1
QRM0739,True,2026-08-21,linguistic_drift_analysis_v1
RAG0275,True,2026-08-21,linguistic_drift_analysis_v1
RAW0915,True,2026-08-21,linguistic_drift_analysis_v1
RCC0617,True,2026-08-21,linguistic_drift_analysis_v1
RDM0115,True,2026-08-21,linguistic_drift_analysis_v1
RGH0728,True,2026-08-21,linguistic_drift_analysis_v1
RHY0079,True,2026-08-21,linguistic_drift_analysis_v1
RIH0777,True,2026-08-21,linguistic_drift_analysis_v1
RKF0164,True,2026-08-21,linguistic_drift_analysis_v1
RLG0856,True,2026-08-21,linguistic_drift_analysis_v1
RMS0266,True,2026-08-21,linguistic_drift_analysis_v1
RMW0542,True,2026-08-21,linguistic_drift_analysis_v1
RRA0938,True,2026-08-21,linguistic_drift_analysis_v1
RRC0553,True,2026-08-21,linguistic_drift_analysis_v1
RRP0568,True,2026-08-21,linguistic_drift_analysis_v1
RSC0089,True,2026-08-21,linguistic_drift_analysis_v1
RTO0313,True,2026-08-21,linguistic_drift_analysis_v1
RUM0880,True,2026-08-21,linguistic_drift_analysis_v1
RZC0746,True,2026-08-21,linguistic_drift_analysis_v1
SAB0781,True,2026-08-21,linguistic_drift_analysis_v1
SAP0867,True,2026-08-21,linguistic_drift_analysis_v1
SBH0537,True,2026-08-21,linguistic_drift_analysis_v1
SBK0161,True,2026-08-21,linguistic_drift_analysis_v1
SCF0608,True,2026-08-21,linguistic_drift_analysis_v1
SDO0170,True,2026-08-21,linguistic_drift_analysis_v1
SER0165,True,2026-08-21,linguistic_drift_analysis_v1
SES0477,True,2026-08-21,linguistic_drift_analysis_v1
SGG0787,True,2026-08-21,linguistic_drift_analysis_v1
SJO0209,True,2026-08-21,linguistic_drift_analysis_v1
SLB0049,True,2026-08-21,linguistic_drift_analysis_v1
SMB0804,True,2026-08-21,linguistic_drift_analysis_v1
SMH0291,True,2026-08-21,linguistic_drift_analysis_v1
SMW0084,True,2026-08-21,linguistic_drift_analysis_v1
SPA0141,True,2026-08-21,linguistic_drift_analysis_v1
SRH0155,True,2026-08-21,linguistic_drift_analysis_v1
SSS0345,True,2026-08-21,linguistic_drift_analysis_v1
TDS0984,True,2026-08-21,linguistic_drift_analysis_v1
TEM0093,True,2026-08-21,linguistic_drift_analysis_v1
TEM0977,True,2026-08-21,linguistic_drift_analysis_v1
TET0621,True,2026-08-21,linguistic_drift_analysis_v1
THR0873,True,2026-08-21,linguistic_drift_analysis_v1
TPH0474,True,2026-08-21,linguistic_drift_analysis_v1
TSB0437,True,2026-08-21,linguistic_drift_analysis_v1
TSM0363,True,2026-08-21,linguistic_drift_analysis_v1
TVS0006,True,2026-08-21,linguistic_drift_analysis_v1
UFK0208,True,2026-08-21,linguistic_drift_analysis_v1
UIR0043,True,2026-08-21,linguistic_drift_analysis_v1
UJC0737,True,2026-08-21,linguistic_drift_analysis_v1
VMJ0147,True,2026-08-21,linguistic_drift_analysis_v1
VSA0230,True,2026-08-21,linguistic_drift_analysis_v1
WBC0192,True,2026-08-21,linguistic_drift_analysis_v1
WDD0366,True,2026-08-21,linguistic_drift_analysis_v1
WIQ0567,True,2026-08-21,linguistic_drift_analysis_v1
WKD0013,True,2026-08-21,linguistic_drift_analysis_v1
WKF0012,True,2026-08-21,linguistic_drift_analysis_v1
WPR0368,True,2026-08-21,linguistic_drift_analysis_v1
WSR0241,True,2026-08-21,linguistic_drift_analysis_v1
WTR0563,True,2026-08-21,linguistic_drift_analysis_v1
WVB0539,True,2026-08-21,linguistic_drift_analysis_v1
WXH0872,True,2026-08-21,linguistic_drift_analysis_v1
XHW0498,True,2026-08-21,linguistic_drift_analysis_v1
YCE0983,True,2026-08-21,linguistic_drift_analysis_v1
YDN0198,True,2026-08-21,linguistic_drift_analysis_v1
YJF0532,True,2026-08-21,linguistic_drift_analysis_v1
ZJE0857,True,2026-08-21,linguistic_drift_analysis_v1
ZJS0269,True,2026-08-21,linguistic_drift_analysis_v1
ZSL0305,True,2026-08-21,linguistic_drift_analysis_v1
